{"is_source_file": false, "format": "", "description": "", "external_files": [], "external_methods": [], "published": [], "classes": [], "methods": [], "calls": [], "search-terms": [], "state": 2, "file_id": 2, "knowledge_revision": 14, "git_revision": "f9f9072a7e44b5d0258c6b7f4f699a190eea7a89", "hash": "ebece526bc2eadd78ddd787a76c56607", "format-version": 4, "code-base-name": "todo_frontend", "filename": "todo_frontend/README.md", "revision_history": [{"14": "f9f9072a7e44b5d0258c6b7f4f699a190eea7a89"}]}