{"is_source_file": true, "format": "JavaScript (React JSX)", "description": "This file is the entry point for a React-based frontend application, setting up the root rendering of the main App component.", "external_files": ["./App", "./index.css"], "external_methods": ["ReactDOM.createRoot", "root.render"], "published": [], "classes": [], "methods": [{"name": "ReactDOM.createRoot", "description": "Creates a root to render React components into the DOM."}, {"name": "root.render", "description": "Renders the JSX element into the DOM node."}], "calls": ["ReactDOM.createRoot", "root.render", "document.getElementById"], "search-terms": ["React", "ReactDOM", "index.js", "React.StrictMode", "App component"], "state": 2, "file_id": 10, "knowledge_revision": 23, "git_revision": "f9f9072a7e44b5d0258c6b7f4f699a190eea7a89", "ctags": [{"_type": "tag", "name": "root", "path": "/home/kavia/workspace/code-generation/simple-to-do-list-201566-201588/todo_frontend/src/index.js", "pattern": "/^const root = ReactDOM.createRoot(document.getElementById('root'));$/", "language": "JavaScript", "kind": "constant"}], "hash": "9fc5841375336fc175b49f8767a11383", "format-version": 4, "code-base-name": "todo_frontend", "filename": "todo_frontend/src/index.js", "revision_history": [{"23": "f9f9072a7e44b5d0258c6b7f4f699a190eea7a89"}]}