{"is_source_file": false, "format": "JSON", "description": "", "external_files": [], "external_methods": [], "published": [], "classes": [], "methods": [], "calls": [], "search-terms": [], "state": 2, "file_id": 5, "knowledge_revision": 19, "git_revision": "f9f9072a7e44b5d0258c6b7f4f699a190eea7a89", "hash": "d9d975cebe2ec20b6c652e1e4c12ccf0", "format-version": 4, "code-base-name": "todo_frontend", "filename": "todo_frontend/public/manifest.json", "revision_history": [{"19": "f9f9072a7e44b5d0258c6b7f4f699a190eea7a89"}]}