{"is_source_file": true, "format": "JavaScript", "description": "This file sets up testing utilities for a JavaScript project, specifically configuring custom matchers provided by '@testing-library/jest-dom' for use in Jest testing environment.", "external_files": ["@testing-library/jest-dom"], "external_methods": ["expect().toHaveTextContent", "expect().toHaveAttribute", "expect().toBeInTheDocument", "expect().toHaveStyle", "expect().toHaveClass", "expect().toHaveValue"], "published": [], "classes": [], "methods": [], "calls": [], "search-terms": ["setupTests.js", "jest-dom", "jest matchers", "testing-library", "jest environment"], "state": 2, "file_id": 9, "knowledge_revision": 22, "git_revision": "f9f9072a7e44b5d0258c6b7f4f699a190eea7a89", "ctags": [], "hash": "1a77571e1a8cf36018a41bcedf60db75", "format-version": 4, "code-base-name": "todo_frontend", "filename": "todo_frontend/src/setupTests.js", "revision_history": [{"22": "f9f9072a7e44b5d0258c6b7f4f699a190eea7a89"}]}