{"is_source_file": false, "format": null, "description": "", "external_files": [], "external_methods": [], "published": [], "classes": [], "methods": [], "calls": [], "search-terms": [], "state": 2, "file_id": 7, "knowledge_revision": 20, "git_revision": "f9f9072a7e44b5d0258c6b7f4f699a190eea7a89", "hash": "6c2104b8d219ed99234ae2d6329f4357", "format-version": 4, "code-base-name": "todo_frontend", "filename": "todo_frontend/src/index.css", "revision_history": [{"20": "f9f9072a7e44b5d0258c6b7f4f699a190eea7a89"}]}