{"is_source_file": true, "format": "JavaScript (React JSX)", "description": "This file defines a React component 'App' which manages a theme toggle (light/dark mode) using React hooks, and renders a UI with a toggle button, logo, and some informational content.", "external_files": ["./logo.svg", "./App.css"], "external_methods": [], "published": ["App"], "classes": [], "methods": ["App", "toggleTheme"], "calls": ["React.useState", "React.useEffect", "document.documentElement.setAttribute"], "search-terms": ["React component", "theme toggle", "useState", "useEffect", "App.js", "dark mode", "light mode", "JSX"], "state": 2, "file_id": 12, "knowledge_revision": 11, "git_revision": "", "ctags": [{"_type": "tag", "name": "App", "path": "/home/kavia/workspace/code-generation/simple-to-do-list-201566-201588/todo_frontend/src/App.js", "pattern": "/^function App() {$/", "language": "JavaScript", "kind": "function", "signature": "()"}, {"_type": "tag", "name": "Switch to ${theme === 'light' ? 'dark' : 'light'} mode", "path": "/home/kavia/workspace/code-generation/simple-to-do-list-201566-201588/todo_frontend/src/App.js", "pattern": "/^          aria-label={`Switch to ${theme === 'light' ? 'dark' : 'light'} mode`}$/", "language": "JavaScript", "kind": "field", "scope": "App.aria", "scopeKind": "class"}, {"_type": "tag", "name": "toggleTheme", "path": "/home/kavia/workspace/code-generation/simple-to-do-list-201566-201588/todo_frontend/src/App.js", "pattern": "/^          onClick={toggleTheme}$/", "language": "JavaScript", "kind": "field", "scope": "App.onClick", "scopeKind": "class"}], "hash": "b55dd9e6a018e59207d8e277dffd9e11", "format-version": 4, "code-base-name": "todo_frontend", "filename": "todo_frontend/src/App.js"}