{"is_source_file": true, "format": "JavaScript module (.mjs)", "description": "ESLint configuration file that sets up linting rules for JavaScript and JSX files, including React plugin integrations and environment globals.", "external_files": ["@eslint/js", "eslint-plugin-react"], "external_methods": [], "published": [], "classes": [], "methods": [], "calls": ["pluginJs from \"@eslint/js\"", "pluginReact from \"eslint-plugin-react\""], "search-terms": ["eslint configuration", "eslint-plugin-react", "jsx linting", "React globals", "eslint rules setup"], "state": 2, "file_id": 6, "knowledge_revision": 18, "git_revision": "f9f9072a7e44b5d0258c6b7f4f699a190eea7a89", "hash": "be6538e7523bc2e9da0743133d784136", "format-version": 4, "code-base-name": "todo_frontend", "filename": "todo_frontend/eslint.config.mjs", "revision_history": [{"18": "f9f9072a7e44b5d0258c6b7f4f699a190eea7a89"}]}